{
  "countries": [
    {
      "name": "Frankrig",
      "file": "frankrig",
      "cities": [
        {
          "name": "Alpe d'Huez",
          "file": "alpedhuez"
        },
        {
          "name": "Korsika",
          "file": "korsika"
        },
        {
          "name": "Pyrenæerne",
          "file": "pyrenaeerne"
        }
      ]
    },
    {
      "name": "Spanien",
      "file": "spanien",
      "cities": [
        {
          "name": "Mallorca",
          "file": "mallorca"
        },
        {
          "name": "Andalusien",
          "file": "andalusien"
        }
      ]
    },
    {
      "name": "Italien",
      "file": "italien",
      "cities": [
        {
          "name": "Lucca",
          "file": "lucca"
        },
        {
          "name": "Gardasøen",
          "file": "gardalake"
        }
      ]
    },
    {
      "name": "Tyskland",
      "file": "tyskland",
      "cities": [
        {
          "name": "Harzen",
          "file": "harzen"
        }
      ]
    }
  ]
}
